[
  {
    "name": "minScore",
    "expected": 0.9,
    "actual": 0,
    "values": [
      0,
      0,
      0,
      0,
      0,
      0,
      0,
      0,
      0
    ],
    "operator": ">=",
    "passed": false,
    "auditId": "color-contrast",
    "level": "error",
    "url": "https://shivgardning.myshopify.com/password",
    "auditTitle": "Background and foreground colors do not have a sufficient contrast ratio.",
    "auditDocumentationLink": "https://dequeuniversity.com/rules/axe/4.10/color-contrast"
  },
  {
    "name": "minScore",
    "expected": 0.9,
    "actual": 0,
    "values": [
      0,
      0,
      0,
      0,
      0,
      0,
      0,
      0,
      0
    ],
    "operator": ">=",
    "passed": false,
    "auditId": "document-latency-insight",
    "level": "error",
    "url": "https://shivgardning.myshopify.com/password",
    "auditTitle": "Document request latency"
  },
  {
    "name": "minScore",
    "expected": 0.9,
    "actual": 0,
    "values": [
      0,
      0,
      0,
      0,
      0,
      0,
      0,
      0,
      0
    ],
    "operator": ">=",
    "passed": false,
    "auditId": "errors-in-console",
    "level": "error",
    "url": "https://shivgardning.myshopify.com/password",
    "auditTitle": "Browser errors were logged to the console",
    "auditDocumentationLink": "https://developer.chrome.com/docs/lighthouse/best-practices/errors-in-console/"
  },
  {
    "name": "minScore",
    "expected": 0.9,
    "actual": 0,
    "values": [
      0,
      0,
      0,
      0,
      0,
      0,
      0,
      0,
      0
    ],
    "operator": ">=",
    "passed": false,
    "auditId": "font-display-insight",
    "level": "error",
    "url": "https://shivgardning.myshopify.com/password",
    "auditTitle": "Font display",
    "auditDocumentationLink": "https://developer.chrome.com/blog/font-fallbacks"
  },
  {
    "name": "minScore",
    "expected": 0.9,
    "actual": 0.5,
    "values": [
      0.5,
      0.5,
      0.5,
      0.5,
      0.5,
      0.5,
      0.5,
      0.5,
      0.5
    ],
    "operator": ">=",
    "passed": false,
    "auditId": "font-display",
    "level": "error",
    "url": "https://shivgardning.myshopify.com/password",
    "auditTitle": "Ensure text remains visible during webfont load",
    "auditDocumentationLink": "https://developer.chrome.com/docs/lighthouse/performance/font-display/"
  },
  {
    "name": "minScore",
    "expected": 0.9,
    "actual": 0,
    "values": [
      0,
      0,
      0,
      0,
      0,
      0,
      0,
      0,
      0
    ],
    "operator": ">=",
    "passed": false,
    "auditId": "meta-description",
    "level": "error",
    "url": "https://shivgardning.myshopify.com/password",
    "auditTitle": "Document does not have a meta description",
    "auditDocumentationLink": "https://developer.chrome.com/docs/lighthouse/seo/meta-description/"
  },
  {
    "name": "minScore",
    "expected": 0.9,
    "actual": 0,
    "values": [
      0,
      0,
      0,
      0,
      0,
      0,
      0,
      0,
      0
    ],
    "operator": ">=",
    "passed": false,
    "auditId": "redirects",
    "level": "error",
    "url": "https://shivgardning.myshopify.com/password",
    "auditTitle": "Avoid multiple page redirects",
    "auditDocumentationLink": "https://developer.chrome.com/docs/lighthouse/performance/redirects/"
  }
]